PassengerId,Survived,Pclass,Name,Sex,Age,SibSp,Parch,Ticket,Fare,Cabin,Embarked,prefix,ticket_nember
1,0,3,108,1,22.0,1,0,414,7.25,3,2,0,471
2,1,1,190,0,38.0,1,0,503,71.2833,2,0,0,551
3,1,3,353,0,26.0,0,0,593,7.925,4,2,0,632
4,1,1,272,0,35.0,1,0,361,53.1,2,2,0,423
5,0,3,15,1,35.0,0,0,351,8.05,3,2,0,414
6,0,3,553,1,29.0,0,0,107,8.4583,4,1,0,195
7,0,1,514,1,54.0,0,0,627,51.8625,4,2,0,663
8,0,3,623,1,2.0,3,1,255,21.075,4,2,0,328
9,1,3,411,0,27.0,0,2,193,11.1333,4,2,0,272
10,1,2,575,0,14.0,1,0,301,30.0708,3,0,0,37
11,1,3,726,0,4.0,1,1,528,16.7,6,2,0,574
12,1,1,95,0,58.0,0,0,226,26.55,2,2,0,301
13,0,3,728,1,20.0,0,0,428,8.05,4,2,0,484
14,0,3,28,1,39.0,1,5,180,31.275,3,2,0,260
15,0,3,838,0,14.0,0,0,278,7.8542,4,2,0,349
16,1,2,359,0,55.0,0,0,557,16.0,3,2,0,60
17,0,3,681,1,2.0,4,1,360,29.125,4,1,0,422
18,1,2,865,1,32.0,0,0,534,13.0,3,2,0,58
19,0,3,837,0,31.0,1,0,141,18.0,4,2,0,225
20,1,3,511,0,17.0,0,0,674,7.225,1,0,0,94
21,0,2,273,1,35.0,0,0,379,26.0,4,2,0,44
22,1,2,80,1,34.0,0,0,545,13.0,3,2,0,59
23,1,3,522,0,15.0,0,0,110,8.0292,4,1,0,198
24,1,1,764,1,28.0,0,0,275,35.5,0,2,0,346
25,0,3,625,0,8.0,3,1,255,21.075,5,2,0,328
26,1,3,44,0,38.0,1,5,174,31.3875,3,2,0,255
27,0,3,240,1,27.0,0,0,667,7.225,1,0,0,88
28,0,1,260,1,19.0,3,2,639,263.0,2,2,0,674
29,1,3,604,0,23.0,0,0,118,7.8792,4,1,0,204
30,0,3,811,1,28.0,0,0,215,7.8958,4,2,0,292
31,0,1,826,1,40.0,0,0,505,27.7208,1,0,0,553
32,1,1,775,0,42.0,1,0,491,146.5208,1,0,0,540
33,1,3,289,0,26.0,0,0,123,7.75,4,1,0,209
34,0,2,854,1,66.0,0,0,444,10.5,3,2,0,499
35,0,1,534,1,28.0,1,0,507,82.1708,1,0,0,555
36,0,1,372,1,42.0,1,0,287,52.0,2,2,0,357
37,1,3,504,1,24.0,0,0,19,7.2292,2,0,0,115
38,0,3,134,1,21.0,0,0,403,8.05,4,2,0,461
39,0,3,835,0,18.0,2,0,142,18.0,4,2,0,226
40,1,3,588,0,14.0,1,0,676,11.2417,2,0,0,96
41,0,3,7,0,40.0,1,0,394,9.475,3,2,0,453
42,0,2,825,0,27.0,1,0,410,21.0,4,2,0,468
43,0,3,445,1,24.0,0,0,251,7.8958,4,0,0,324
44,1,2,455,0,3.0,1,2,550,41.5792,2,0,0,594
45,1,3,212,0,19.0,0,0,117,7.8792,3,1,0,203
46,0,3,696,1,28.0,0,0,529,8.05,4,2,0,575
47,0,3,472,1,27.0,1,0,339,15.5,4,1,0,403
48,1,3,603,0,26.0,0,0,616,7.75,4,1,0,653
49,0,3,725,1,12.0,2,0,3,21.6792,4,0,0,100
50,0,3,38,0,18.0,1,0,233,17.8,3,2,0,308
51,0,3,628,1,7.0,4,1,75,39.6875,4,2,0,166
52,0,3,593,1,21.0,0,0,413,7.8,4,2,0,470
53,1,1,333,0,49.0,1,0,492,76.7292,3,0,0,541
54,1,2,246,0,29.0,1,0,63,26.0,4,2,0,155
55,0,1,619,1,65.0,0,1,127,61.9792,1,0,0,212
56,1,1,871,1,43.0,0,0,638,35.5,2,2,0,673
57,1,2,706,0,21.0,0,0,453,10.5,4,2,0,506
58,0,3,594,1,28.5,0,0,34,7.2292,3,0,0,129
59,1,2,851,0,5.0,1,2,461,27.75,4,2,0,513
60,0,3,299,1,11.0,5,2,466,46.9,4,2,0,518
61,0,3,748,1,22.0,0,0,11,7.2292,3,0,0,108
63,0,1,337,1,45.0,1,0,331,83.475,2,2,0,397
64,0,3,754,1,4.0,3,2,184,27.9,4,2,0,264
65,0,1,783,1,44.0,0,0,510,27.7208,1,0,0,558
66,1,3,559,1,22.0,1,1,679,15.2458,3,0,0,99
67,1,2,595,0,29.0,0,0,451,10.5,5,2,0,504
68,0,3,185,1,19.0,0,0,537,8.1583,4,2,0,582
69,1,3,25,0,17.0,4,2,74,7.925,4,2,0,165
70,0,3,439,1,26.0,2,0,100,8.6625,4,2,0,189
71,0,2,395,1,32.0,0,0,455,10.5,4,2,0,508
72,0,3,300,0,16.0,5,2,466,46.9,4,2,0,518
73,0,2,376,1,21.0,0,0,535,73.5,3,2,0,580
74,0,3,161,1,26.0,1,0,21,14.4542,3,0,0,117
75,1,3,87,1,32.0,0,0,620,56.4958,4,2,0,657
76,0,3,545,1,25.0,0,0,196,7.65,5,2,0,275
77,0,3,777,1,28.0,0,0,206,7.8958,4,2,0,284
78,0,3,562,1,28.0,0,0,352,8.05,4,2,0,415
79,1,2,127,1,0.83,0,2,612,29.0,4,2,0,65
80,1,3,223,0,30.0,0,0,302,12.475,4,2,0,370
81,0,3,840,1,22.0,0,0,144,9.0,4,2,0,228
82,1,3,736,1,29.0,0,0,153,9.5,4,2,0,236
83,1,3,518,0,24.0,0,0,114,7.7875,4,1,0,200
84,0,1,141,1,28.0,0,0,77,47.1,2,2,0,168
85,1,2,385,0,17.0,0,0,553,10.5,4,2,0,597
86,1,3,52,0,33.0,3,0,73,15.85,3,2,0,164
87,0,3,255,1,16.0,1,3,602,34.375,3,2,0,640
88,0,3,763,1,28.0,0,0,573,8.05,3,2,0,614
89,1,1,259,0,23.0,3,2,639,263.0,2,2,0,674
90,0,3,149,1,24.0,0,0,134,8.05,4,2,0,219
91,0,3,159,1,29.0,0,0,136,8.05,4,2,0,220
92,0,3,31,1,20.0,0,0,189,7.8542,3,2,0,269
93,0,1,150,1,46.0,1,0,604,61.175,4,2,0,642
94,0,3,209,1,26.0,1,2,443,20.575,4,2,0,498
95,0,3,184,1,59.0,0,0,296,7.25,3,2,0,365
96,0,3,739,1,28.0,0,0,354,8.05,4,2,0,417
97,0,1,292,1,71.0,0,0,517,34.6542,0,0,0,564
98,1,1,308,1,23.0,0,1,524,63.3583,3,0,0,570
99,1,2,219,0,34.0,0,1,113,23.0,4,2,0,20
100,0,2,421,1,34.0,1,0,512,26.0,4,2,0,56
101,0,3,655,0,28.0,0,0,242,7.8958,4,2,0,316
102,0,3,657,1,28.0,0,0,214,7.8958,4,2,0,291
103,0,1,856,1,21.0,0,1,283,77.2875,3,2,0,353
104,0,3,404,1,33.0,0,0,392,8.6542,4,2,0,451
105,0,3,312,1,37.0,2,0,71,7.925,4,2,0,162
106,0,3,541,1,28.0,0,0,205,7.8958,4,2,0,283
107,1,3,723,0,21.0,0,0,133,7.65,4,2,0,218
108,1,3,558,1,28.0,0,0,82,7.775,4,2,0,172
109,0,3,674,1,38.0,0,0,247,7.8958,4,2,0,320
110,1,3,551,0,27.0,1,0,347,24.15,4,1,0,410
111,0,1,666,1,47.0,0,0,16,52.0,2,2,0,112
112,0,3,880,0,14.5,1,0,7,14.4542,4,0,0,104
113,0,3,67,1,22.0,0,0,106,8.05,4,2,0,194
114,0,3,416,0,20.0,1,0,374,9.825,4,2,0,435
115,0,3,46,0,17.0,0,0,664,14.4583,2,0,0,85
116,0,3,644,1,21.0,0,0,589,7.925,3,2,0,629
117,0,3,178,1,70.5,0,0,336,7.75,3,1,0,400
118,0,2,824,1,29.0,1,0,410,21.0,4,2,0,468
119,0,1,70,1,24.0,0,1,489,247.5208,1,0,0,539
120,0,3,24,0,2.0,4,2,180,31.275,4,2,0,260
121,0,2,362,1,21.0,2,0,535,73.5,3,2,0,580
122,0,3,550,1,28.0,0,0,433,8.05,4,2,0,489
123,0,2,574,1,32.5,1,0,301,30.0708,3,0,0,37
124,1,2,846,0,32.5,0,0,39,13.0,4,2,0,133
125,0,1,855,1,54.0,0,1,283,77.2875,3,2,0,353
126,1,3,587,1,12.0,1,0,676,11.2417,2,0,0,96
127,0,3,524,1,36.0,0,0,340,7.75,4,1,0,404
128,1,3,498,1,24.0,0,0,436,7.1417,3,2,0,491
129,1,3,652,0,18.0,1,1,10,22.3583,5,0,0,107
130,0,3,234,1,45.0,0,0,161,6.975,3,2,0,243
131,0,3,225,1,33.0,0,0,237,7.8958,3,0,0,311
132,0,3,165,1,20.0,0,0,558,7.05,3,2,0,600
133,0,3,694,0,47.0,1,0,430,14.5,5,2,0,486
134,1,2,849,0,29.0,1,0,46,26.0,3,2,0,14
135,0,2,771,1,25.0,0,0,450,13.0,4,2,0,503
136,0,2,684,1,23.0,0,0,544,15.0458,3,0,0,589
137,1,1,584,0,19.0,0,2,435,26.2833,3,2,0,490
138,0,1,271,1,37.0,1,0,361,53.1,2,2,0,423
139,0,3,617,1,16.0,0,0,391,9.2167,4,2,0,450
140,0,1,282,1,24.0,0,0,498,79.2,1,0,0,547
141,0,3,99,0,21.0,0,2,20,15.2458,3,0,0,116
142,1,3,596,0,22.0,0,0,178,7.75,4,2,0,259
143,1,3,319,0,24.0,1,0,592,15.85,4,2,0,631
144,0,3,116,1,19.0,0,0,308,6.75,3,1,0,376
145,0,2,32,1,18.0,0,0,124,11.5,3,2,0,21
146,0,2,585,1,19.0,1,1,456,36.75,4,2,0,509
147,1,3,29,1,27.0,0,0,269,7.7958,3,2,0,340
148,0,3,254,0,9.0,2,2,602,34.375,3,2,0,640
149,0,2,579,1,36.5,0,2,68,26.0,5,2,0,16
150,0,2,121,1,42.0,0,0,479,13.0,4,2,0,53
151,0,2,68,1,51.0,0,0,536,12.525,3,2,0,581
152,1,1,642,0,22.0,1,0,200,66.6,2,2,0,279
153,0,3,531,1,55.5,0,0,405,8.05,4,2,0,463
154,0,3,887,1,40.5,0,2,431,14.5,5,2,0,487
155,0,3,611,1,29.0,0,0,475,7.3125,3,2,0,526
156,0,1,864,1,51.0,0,1,502,61.3792,2,0,0,550
157,1,3,287,0,16.0,0,0,284,7.7333,4,1,0,354
158,0,3,181,1,30.0,0,0,575,8.05,4,2,0,616
159,0,3,766,1,28.0,0,0,86,8.6625,3,2,0,176
160,0,3,715,1,15.0,8,2,469,69.55,4,2,0,520
161,0,3,186,1,44.0,0,1,348,16.1,5,2,0,411
162,1,2,845,0,40.0,0,0,458,15.75,4,2,0,510
163,0,3,82,1,26.0,0,0,167,7.775,4,2,0,249
164,0,3,129,1,17.0,0,0,95,8.6625,4,2,0,184
165,0,3,627,1,1.0,4,1,75,39.6875,4,2,0,166
166,1,3,293,1,9.0,0,2,291,20.525,5,2,0,360
167,1,1,157,0,32.0,0,1,115,55.0,4,2,0,201
168,0,3,759,0,45.0,1,4,184,27.9,4,2,0,264
169,0,1,69,1,44.0,0,0,478,25.925,2,2,0,529
170,0,3,485,1,28.0,0,0,620,56.4958,4,2,0,657
171,0,1,830,1,61.0,0,0,385,33.5,1,2,0,445
172,0,3,679,1,4.0,4,1,360,29.125,4,1,0,422
173,1,3,407,0,1.0,1,1,193,11.1333,5,2,0,272
174,0,3,751,1,21.0,0,0,581,7.925,3,2,0,621
175,0,1,768,1,56.0,0,0,632,30.6958,0,0,0,668
176,0,3,443,1,18.0,1,1,277,7.8542,4,2,0,348
177,0,3,463,1,6.0,3,1,370,25.4667,4,2,0,431
178,0,1,387,0,50.0,0,0,499,28.7125,2,0,0,548
179,0,2,320,1,30.0,0,0,655,13.0,3,2,0,77
180,0,3,473,1,36.0,0,0,476,0.0,3,2,0,527
181,0,3,716,0,16.0,8,2,469,69.55,4,2,0,520
182,0,2,649,1,30.0,0,0,543,15.05,2,0,0,588
183,0,3,41,1,9.0,4,2,174,31.3875,3,2,0,255
184,1,2,76,1,1.0,2,1,79,39.0,5,2,0,17
185,1,3,440,0,4.0,0,2,103,22.025,5,2,0,191
186,0,1,699,1,40.0,0,0,176,50.0,0,2,0,257
187,1,3,600,0,26.0,1,0,333,15.5,4,1,0,399
188,1,1,697,1,45.0,0,0,35,26.55,1,2,0,13
189,0,3,101,1,40.0,1,1,305,15.5,4,1,0,373
190,0,3,821,1,36.0,0,0,244,7.8958,4,2,0,318
191,1,2,663,0,32.0,0,0,179,13.0,4,2,0,26
192,0,2,136,1,19.0,0,0,49,13.0,4,2,0,142
193,1,3,20,0,19.0,1,0,270,7.8542,3,2,0,341
194,1,2,578,1,3.0,1,1,68,26.0,5,2,0,16
195,1,1,113,0,44.0,0,0,514,27.7208,1,0,0,561
196,1,1,494,0,58.0,0,0,491,146.5208,1,0,0,540
197,0,3,532,1,36.0,0,0,326,7.75,4,1,0,392
198,0,3,610,1,42.0,0,1,377,8.4042,4,2,0,438
199,1,3,496,0,26.0,0,0,338,7.75,4,1,0,402
200,0,2,879,0,24.0,0,0,634,13.0,3,2,0,67
201,0,3,832,1,28.0,0,0,147,9.5,4,2,0,230
202,0,3,720,1,15.0,8,2,469,69.55,4,2,0,520
203,0,3,402,1,34.0,0,0,67,6.4958,3,2,0,159
204,0,3,876,1,45.5,0,0,665,7.225,1,0,0,86
205,1,3,166,1,18.0,0,0,421,8.05,5,2,0,478
206,0,3,787,0,2.0,0,1,159,10.4625,6,2,0,241
207,0,3,51,1,32.0,1,0,73,15.85,2,2,0,164
208,1,3,9,1,26.0,0,0,36,18.7875,2,0,0,130
209,1,3,140,0,16.0,0,0,317,7.75,4,1,0,384
210,1,1,94,1,40.0,0,0,657,31.0,0,0,0,79
211,0,3,12,1,24.0,0,0,561,7.05,2,2,0,603
212,1,2,131,0,35.0,0,0,471,21.0,4,2,0,522
213,0,3,648,1,22.0,0,0,417,7.25,3,2,0,474
214,0,2,288,1,30.0,0,0,649,13.0,3,2,0,71
215,0,3,436,1,33.0,1,0,315,7.75,4,1,0,382
216,1,1,581,0,31.0,1,0,282,113.275,3,0,0,352
217,1,3,375,0,27.0,0,0,594,7.925,4,2,0,633
218,0,2,389,1,42.0,1,0,423,27.0,4,2,0,48
219,1,1,72,0,32.0,0,0,533,76.2917,3,0,0,579
220,0,2,338,1,30.0,0,0,605,10.5,3,2,0,643
221,1,3,789,1,16.0,0,0,574,8.05,4,2,0,615
222,0,2,105,1,27.0,0,0,647,13.0,4,2,0,7
223,0,3,306,1,51.0,0,0,334,8.05,4,2,0,4
224,0,3,580,1,28.0,0,0,231,7.8958,4,2,0,306
225,1,1,379,1,38.0,1,0,637,90.0,2,2,0,672
226,0,3,83,1,22.0,0,0,527,9.35,4,2,0,573
227,1,2,530,1,19.0,0,0,597,10.5,4,2,0,636
228,0,3,491,1,20.5,0,0,416,7.25,3,2,0,473
229,0,2,243,1,18.0,0,0,212,13.0,4,2,0,29
230,0,3,466,0,7.0,3,1,370,25.4667,5,2,0,431
231,1,1,339,0,35.0,1,0,331,83.475,2,2,0,397
232,0,3,459,1,29.0,0,0,166,7.775,4,2,0,248
233,0,2,753,1,59.0,0,0,246,13.5,3,2,0,32
234,1,3,43,0,5.0,4,2,174,31.3875,3,2,0,255
235,0,2,478,1,24.0,0,0,452,10.5,4,2,0,505
236,0,3,329,0,24.0,0,0,603,7.55,3,2,0,641
237,0,2,370,1,44.0,1,0,12,26.0,3,2,0,109
238,1,2,172,0,8.0,0,2,454,26.25,5,2,0,507
239,0,2,647,1,19.0,0,0,54,10.5,4,2,0,147
240,0,2,383,1,33.0,0,0,552,12.275,3,2,0,596
241,0,3,881,0,20.0,1,0,7,14.4542,4,0,0,104
242,1,3,566,0,26.0,1,0,316,15.5,4,1,0,383
243,0,2,169,1,29.0,0,0,599,10.5,4,2,0,638
244,0,3,499,1,22.0,0,0,580,7.125,3,2,0,620
245,0,3,47,1,30.0,0,0,32,7.225,1,0,0,127
246,0,1,538,1,44.0,2,0,636,90.0,2,1,0,671
247,0,3,480,0,25.0,0,0,170,7.775,4,2,0,251
248,1,2,322,0,24.0,0,2,652,14.5,4,2,0,74
249,1,1,78,1,37.0,1,1,422,52.5542,3,2,0,479
250,0,2,147,1,54.0,1,0,446,26.0,5,2,0,50
251,0,3,672,1,29.0,0,0,289,7.25,3,2,0,359
252,0,3,788,0,29.0,1,1,159,10.4625,6,2,0,241
253,0,1,781,1,62.0,0,0,152,26.55,2,2,0,235
254,0,3,486,1,30.0,1,0,429,16.1,4,2,0,485
255,0,3,701,0,41.0,0,2,332,20.2125,4,2,0,398
256,1,3,817,0,29.0,0,2,675,15.2458,3,0,0,95
257,1,1,806,0,34.0,0,0,494,79.2,2,0,0,543
258,1,1,156,0,30.0,0,0,0,86.5,1,2,0,0
259,1,1,842,0,35.0,0,0,518,512.3292,1,0,0,565
260,1,2,635,0,50.0,0,1,90,26.0,4,2,0,18
261,0,3,770,1,36.0,0,0,363,7.75,4,1,0,425
262,1,3,42,1,3.0,4,2,174,31.3875,3,2,0,255
263,0,1,797,1,52.0,1,1,1,79.65,4,2,0,1
264,0,1,340,1,40.0,0,0,645,0.0,1,2,0,68
265,0,3,356,0,26.0,0,0,358,7.75,4,1,0,420
266,0,2,673,1,36.0,0,0,441,10.5,4,2,0,496
267,0,3,630,1,16.0,4,1,75,39.6875,4,2,0,166
268,1,3,651,1,25.0,1,0,181,7.775,4,2,0,261
269,1,1,305,0,58.0,0,1,493,153.4625,2,2,0,542
270,1,1,91,0,35.0,0,0,525,135.6333,2,2,0,571
271,0,1,125,1,44.0,0,0,337,31.0,2,2,0,401
272,1,3,815,1,25.0,0,0,476,0.0,3,2,0,527
273,1,2,529,0,41.0,0,1,648,19.5,4,2,0,70
274,0,1,576,1,37.0,0,1,500,29.7,2,0,0,549
275,1,3,350,0,26.0,0,0,342,7.75,4,1,0,406
276,1,1,33,0,63.0,1,0,610,77.9583,3,2,0,648
277,0,3,481,0,45.0,0,0,171,7.75,4,2,0,252
278,0,2,633,1,35.0,0,0,335,0.0,3,2,0,40
279,0,3,680,1,7.0,4,1,360,29.125,4,1,0,422
280,1,3,2,0,35.0,1,1,449,20.25,4,2,0,502
281,0,3,227,1,65.0,0,0,126,7.75,3,1,0,211
282,0,3,613,1,28.0,0,0,187,7.8542,4,2,0,267
283,0,3,885,1,16.0,0,0,151,9.5,4,2,0,234
284,1,3,221,1,19.0,0,0,426,8.05,4,2,0,482
285,0,1,769,1,44.0,0,0,65,26.0,0,2,0,157
286,0,3,778,1,33.0,0,0,234,8.6625,4,0,0,309
287,1,3,884,1,30.0,0,0,149,9.5,4,2,0,232
288,0,3,569,1,22.0,0,0,204,7.8958,4,2,0,282
289,1,2,378,1,42.0,0,0,323,13.0,4,2,0,39
290,1,3,177,0,22.0,0,0,341,7.75,4,1,0,405
291,1,1,65,0,26.0,0,0,635,78.85,2,2,0,670
292,1,1,90,0,19.0,1,0,546,91.0792,1,0,0,590
293,0,2,476,1,36.0,0,0,551,12.875,3,0,0,595
294,0,3,315,0,24.0,0,0,232,8.85,4,2,0,307
295,0,3,540,1,24.0,0,0,230,7.8958,4,2,0,305
296,0,1,477,1,44.0,0,0,516,27.7208,1,0,0,563
297,0,3,324,1,23.5,0,0,31,7.2292,2,0,0,126
298,0,1,17,0,2.0,1,2,213,151.55,2,2,0,290
299,1,1,713,1,44.0,0,0,642,30.5,2,2,0,677
300,1,1,71,0,50.0,0,1,489,247.5208,1,0,0,539
301,1,3,430,0,26.0,0,0,402,7.75,4,1,0,460
302,1,3,517,1,17.0,2,0,313,23.25,4,1,0,380
303,0,3,410,1,19.0,0,0,476,0.0,3,2,0,527
304,1,2,427,0,31.0,0,0,13,12.35,4,1,0,11
305,0,3,866,1,28.0,0,0,418,8.05,4,2,0,475
306,1,1,16,1,0.92,1,2,213,151.55,2,2,0,290
307,1,1,248,0,32.0,0,0,625,110.8833,2,0,0,661
308,1,1,646,0,17.0,1,0,522,108.9,2,0,0,569
309,0,2,3,1,30.0,1,0,477,24.0,3,0,0,528
310,1,1,263,0,30.0,0,0,488,56.9292,4,0,0,538
311,1,1,348,0,24.0,0,0,484,83.1583,2,0,0,534
312,1,1,709,0,18.0,2,2,511,262.375,1,0,0,559
313,0,2,448,0,26.0,1,1,653,26.0,4,2,0,75
314,0,3,355,1,28.0,0,0,240,7.8958,4,2,0,314
315,0,2,342,1,43.0,1,1,473,26.25,5,2,0,524
316,1,3,589,0,26.0,0,0,192,7.8542,4,2,0,271
317,1,2,422,0,24.0,1,0,512,26.0,5,2,0,56
318,0,2,554,1,54.0,0,0,55,14.0,4,2,0,148
319,1,1,857,0,31.0,0,2,327,164.8667,2,2,0,393
320,1,1,774,0,40.0,1,1,622,134.5,4,0,0,659
321,0,3,211,1,22.0,0,0,415,7.25,3,2,0,472
322,0,3,200,1,27.0,0,0,218,7.8958,4,2,0,295
323,1,2,761,0,30.0,0,0,201,12.35,3,1,0,28
324,1,2,128,0,22.0,1,1,612,29.0,4,2,0,65
325,0,3,721,1,15.0,8,2,469,69.55,4,2,0,520
326,1,1,875,0,36.0,0,0,525,135.6333,2,0,0,571
327,0,3,597,1,61.0,0,0,137,6.2375,3,2,0,221
328,1,2,60,0,36.0,0,0,51,13.0,3,2,0,144
329,1,3,295,0,31.0,1,1,291,20.525,4,2,0,360
330,1,1,363,0,16.0,0,1,609,57.9792,1,0,0,647
331,1,3,516,0,16.0,2,0,313,23.25,4,1,0,380
332,0,1,636,1,45.5,0,0,17,28.5,2,2,0,113
333,0,1,304,1,38.0,0,1,493,153.4625,2,2,0,542
334,0,3,836,1,16.0,2,0,142,18.0,4,2,0,226
335,1,1,265,0,33.0,1,0,515,133.65,2,2,0,562
336,0,3,210,1,28.0,0,0,225,7.8958,4,2,0,300
337,0,1,641,1,29.0,1,0,200,66.6,2,2,0,279
338,1,1,117,0,41.0,0,0,622,134.5,4,0,0,659
339,1,3,192,1,45.0,0,0,397,8.05,5,2,0,456
340,0,1,93,1,45.0,0,0,238,35.5,7,2,0,312
341,1,2,577,1,2.0,1,1,68,26.0,5,2,0,16
342,1,1,258,0,24.0,3,2,639,263.0,2,2,0,674
343,0,2,170,1,28.0,0,0,623,13.0,5,2,0,66
344,0,2,732,1,25.0,0,0,501,13.0,5,2,0,55
345,0,2,262,1,36.0,0,0,57,13.0,4,2,0,15
346,1,2,111,0,24.0,0,0,601,13.0,5,2,0,64
347,1,2,767,0,40.0,0,0,85,13.0,3,2,0,175
348,1,3,207,0,24.0,1,0,364,16.1,4,2,0,426
349,1,3,183,1,3.0,1,1,462,15.9,5,2,0,514
350,0,3,215,1,42.0,0,0,92,8.6625,4,2,0,181
351,0,3,607,1,23.0,0,0,389,9.225,5,2,0,449
352,0,1,868,1,48.0,0,0,140,35.0,2,2,0,224
353,0,3,237,1,15.0,1,1,33,7.2292,2,0,0,128
354,0,3,37,1,25.0,1,0,233,17.8,3,2,0,308
355,0,3,877,1,27.0,0,0,672,7.225,2,0,0,92
356,0,3,833,1,28.0,0,0,156,9.5,4,2,0,239
357,1,1,104,0,22.0,0,1,115,55.0,4,2,0,201
358,0,2,270,0,38.0,0,0,290,13.0,4,2,0,36
359,1,3,521,0,23.0,0,0,111,7.8792,4,1,0,199
360,1,3,544,0,23.0,0,0,120,7.8792,4,1,0,206
361,0,3,758,1,40.0,1,4,184,27.9,4,2,0,264
362,0,2,886,1,29.0,1,0,549,27.7208,3,0,0,593
363,0,3,64,0,45.0,0,1,30,14.4542,2,0,0,125
364,0,3,40,1,35.0,0,0,560,7.05,2,2,0,602
365,0,3,598,1,27.0,1,0,333,15.5,4,1,0,399
366,0,3,5,1,30.0,0,0,439,7.25,2,2,0,494
367,1,1,843,0,60.0,1,0,262,75.25,3,0,0,334
368,1,3,561,0,16.0,0,0,663,7.2292,2,0,0,84
369,1,3,399,0,26.0,0,0,618,7.75,4,1,0,655
370,1,1,48,0,24.0,0,0,485,69.3,1,0,0,535
371,1,1,328,1,25.0,1,0,472,55.4417,4,0,0,523
372,0,3,861,1,18.0,1,0,70,6.4958,4,2,0,161
373,0,3,75,1,19.0,0,0,105,8.05,4,2,0,193
374,0,1,689,1,22.0,0,0,525,135.6333,1,0,0,571
375,0,3,624,0,3.0,3,1,255,21.075,5,2,0,328
376,1,1,535,0,33.0,1,0,507,82.1708,2,0,0,555
377,1,3,453,0,22.0,0,0,440,7.25,4,2,0,495
378,0,1,860,1,27.0,0,2,102,211.5,2,0,0,190
379,0,3,85,1,20.0,0,0,673,4.0125,1,0,0,93
380,0,3,314,1,19.0,0,0,169,7.775,4,2,0,250
381,1,1,86,0,42.0,0,0,520,227.525,1,0,0,567
382,1,3,571,0,1.0,0,2,677,15.7417,3,0,0,97
383,0,3,809,1,32.0,0,0,588,7.925,4,2,0,628
384,1,1,373,0,35.0,1,0,287,52.0,2,2,0,357
385,0,3,664,1,28.0,0,0,227,7.8958,4,2,0,302
386,0,2,205,1,18.0,0,0,535,73.5,3,2,0,580
387,0,3,298,1,1.0,5,2,466,46.9,4,2,0,518
388,1,2,118,0,36.0,0,0,40,13.0,4,2,0,134
389,0,3,714,1,29.0,0,0,319,7.7292,4,1,0,386
390,1,2,467,0,17.0,0,0,539,12.0,4,0,0,584
391,1,1,144,1,36.0,1,2,164,120.0,1,2,0,246
392,1,3,392,1,21.0,0,0,264,7.7958,5,2,0,336
393,0,3,313,1,28.0,2,0,72,7.925,4,2,0,163
394,1,1,582,0,23.0,1,0,282,113.275,3,0,0,352
395,1,3,727,0,24.0,0,2,528,16.7,6,2,0,574
396,0,3,403,1,22.0,0,0,274,7.7958,4,2,0,345
397,0,3,612,0,31.0,0,0,280,7.8542,4,2,0,350
398,0,2,523,1,46.0,0,0,48,26.0,4,2,0,141
399,0,2,622,1,23.0,0,0,468,10.5,4,2,0,52
400,1,2,819,0,28.0,0,0,390,12.65,5,2,0,45
401,1,3,591,1,39.0,0,0,586,7.925,4,2,0,626
402,0,3,6,1,26.0,0,0,129,8.05,3,2,0,214
403,0,3,417,0,21.0,1,0,375,9.825,4,2,0,436
404,0,3,318,1,28.0,1,0,592,15.85,4,2,0,631
405,0,3,615,0,20.0,0,0,97,8.6625,4,2,0,186
406,0,2,274,1,34.0,1,0,52,21.0,4,2,0,145
407,0,3,859,1,51.0,0,0,165,7.75,4,2,0,247
408,1,2,686,1,3.0,1,1,61,18.75,4,2,0,153
409,0,3,88,1,21.0,0,0,83,7.775,4,2,0,173
410,0,3,464,0,7.0,3,1,370,25.4667,5,2,0,431
411,0,3,731,1,28.0,0,0,220,7.8958,5,2,0,297
412,0,3,343,1,28.0,0,0,369,6.8583,3,1,0,430
413,1,1,539,0,33.0,1,0,636,90.0,2,1,0,671
414,0,2,191,1,35.0,0,0,335,0.0,3,2,0,40
415,1,3,790,1,44.0,0,0,576,7.925,4,2,0,617
416,0,3,527,0,25.0,0,0,132,8.05,4,2,0,217
417,1,2,226,0,34.0,1,1,45,32.5,4,2,0,139
418,1,2,741,0,18.0,0,2,654,13.0,4,2,0,76
419,0,2,512,1,30.0,0,0,47,13.0,4,2,0,140
420,0,3,827,0,10.0,0,2,148,24.15,4,2,0,231
421,0,3,281,1,24.0,0,0,252,7.8958,4,0,0,325
422,0,3,155,1,21.0,0,0,427,7.7333,4,1,0,483
423,0,3,882,1,29.0,0,0,87,7.875,4,2,0,177
424,0,3,198,0,28.0,1,1,177,14.4,4,2,0,258
425,0,3,700,1,18.0,1,1,332,20.2125,4,2,0,398
426,0,3,870,1,29.0,0,0,411,7.25,3,2,0,469
427,1,2,162,0,28.0,1,0,644,26.0,4,2,0,679
428,1,2,661,0,19.0,0,0,656,26.0,4,2,0,78
429,0,3,249,1,36.0,0,0,307,7.75,4,1,0,375
430,1,3,662,1,32.0,0,0,563,8.05,4,2,0,605
431,1,1,92,1,28.0,0,0,139,26.55,2,2,0,223
432,1,3,808,0,24.0,1,0,355,16.1,5,2,0,418
433,1,2,490,0,42.0,1,0,541,26.0,4,2,0,586
434,0,3,419,1,17.0,0,0,578,7.125,3,2,0,619
435,0,1,743,1,50.0,1,0,611,55.9,4,2,0,649
436,1,1,143,0,14.0,1,2,164,120.0,1,2,0,246
437,0,3,253,0,21.0,2,2,602,34.375,3,2,0,640
438,1,2,687,0,24.0,2,3,61,18.75,4,2,0,153
439,0,1,261,1,64.0,1,4,639,263.0,2,2,0,674
440,0,2,446,1,31.0,0,0,442,10.5,4,2,0,497
441,1,2,344,0,45.0,1,1,473,26.25,5,2,0,524
442,0,3,323,1,20.0,0,0,145,9.5,4,2,0,229
443,0,3,658,1,25.0,1,0,173,7.775,4,2,0,254
444,1,2,678,0,28.0,0,0,101,13.0,4,2,0,19
445,1,3,401,1,28.0,0,0,383,8.1125,4,2,0,443
446,1,1,216,1,4.0,0,2,125,81.8583,0,2,0,210
447,1,2,528,0,13.0,0,1,648,19.5,4,2,0,70
448,1,1,734,1,34.0,0,0,311,26.55,3,2,0,379
449,1,3,55,0,5.0,2,1,8,19.2583,2,0,0,105
450,1,1,660,1,52.0,0,0,250,30.5,2,2,0,323
451,0,2,852,1,36.0,1,2,461,27.75,4,2,0,513
452,0,3,316,1,23.0,1,0,381,19.9667,4,2,0,441
453,0,1,257,1,30.0,0,0,41,27.75,2,0,0,135
454,1,1,290,1,49.0,1,0,626,89.1042,2,0,0,662
455,0,3,643,1,28.0,0,0,419,8.05,4,2,0,476
456,1,3,391,1,29.0,0,0,236,7.8958,4,0,0,310
457,0,1,536,1,65.0,0,0,613,26.55,4,2,0,650
458,1,1,435,0,38.0,1,0,628,51.8625,3,2,0,664
459,1,2,813,0,50.0,0,0,474,10.5,5,2,0,525
460,0,3,602,1,36.0,0,0,345,7.75,4,1,0,409
461,1,1,21,1,48.0,0,0,640,26.55,4,2,0,675
462,0,3,556,1,34.0,0,0,297,8.05,4,2,0,366
463,0,1,280,1,47.0,0,0,508,38.5,4,2,0,556
464,0,2,537,1,48.0,0,0,168,13.0,5,2,0,25
465,0,3,501,1,28.0,0,0,432,8.05,5,2,0,488
466,0,3,296,1,38.0,0,0,555,7.05,3,2,0,599
467,0,2,132,1,35.0,0,0,335,0.0,4,2,0,40
468,0,1,765,1,56.0,0,0,299,26.55,2,2,0,368
469,0,3,730,1,29.0,0,0,288,7.725,5,1,0,358
470,1,3,54,0,0.75,2,1,8,19.2583,3,0,0,105
471,0,3,429,1,29.0,0,0,104,7.25,3,2,0,192
472,0,3,124,1,38.0,0,0,93,8.6625,4,2,0,182
473,1,2,853,0,33.0,1,2,461,27.75,4,2,0,513
474,1,2,400,0,23.0,0,0,542,13.7917,3,0,0,587
475,0,3,785,0,22.0,0,0,396,9.8375,5,2,0,455
476,0,1,164,1,40.0,0,0,16,52.0,0,2,0,112
477,0,2,675,1,34.0,1,0,80,21.0,4,2,0,170
478,0,3,107,1,29.0,1,0,158,7.0458,3,2,0,240
479,0,3,424,1,22.0,0,0,276,7.5208,3,2,0,347
480,1,3,365,0,2.0,0,1,78,12.2875,4,2,0,169
481,0,3,297,1,9.0,5,2,466,46.9,3,2,0,518
482,0,2,268,1,35.0,0,0,346,0.0,3,2,0,41
483,0,3,705,1,50.0,0,0,424,8.05,4,2,0,480
484,1,3,823,0,63.0,0,0,371,9.5875,4,2,0,432
485,1,1,89,1,25.0,1,0,546,91.0792,1,0,0,590
486,0,3,465,0,7.0,3,1,370,25.4667,4,2,0,431
487,1,1,381,0,35.0,1,0,637,90.0,2,2,0,672
488,0,1,434,1,58.0,0,0,509,29.7,1,0,0,557
489,0,3,773,1,30.0,0,0,406,8.05,5,2,0,464
490,1,3,182,1,9.0,1,1,462,15.9,5,2,0,514
491,0,3,317,1,23.0,1,0,382,19.9667,4,2,0,442
492,0,3,869,1,21.0,0,0,569,7.25,3,2,0,610
493,0,1,546,1,55.0,0,0,263,30.5,2,2,0,335
494,0,1,39,1,71.0,0,0,513,49.5042,0,0,0,560
495,0,3,780,1,21.0,0,0,407,8.05,4,2,0,465
496,0,3,878,1,24.0,0,0,664,14.4583,2,0,0,85
497,1,1,242,0,54.0,1,0,328,78.2667,3,0,0,394
498,0,3,737,1,29.0,0,0,464,15.1,5,2,0,516
499,0,1,18,0,25.0,1,2,213,151.55,2,2,0,290
500,0,3,794,1,24.0,0,0,265,7.7958,4,2,0,337
501,0,3,130,1,17.0,0,0,91,8.6625,4,2,0,180
502,0,3,133,0,21.0,0,0,303,7.75,4,1,0,371
503,0,3,606,0,22.0,0,0,108,7.6292,3,1,0,196
504,0,3,449,0,37.0,0,0,372,9.5875,4,2,0,433
505,1,1,500,0,16.0,0,0,0,86.5,1,2,0,0
506,0,1,645,1,18.0,1,0,522,108.9,2,0,0,569
507,1,2,669,0,33.0,0,2,668,26.0,3,2,0,89
508,1,1,106,1,45.0,0,0,112,26.55,2,2,0,2
509,0,3,609,1,28.0,0,0,437,22.525,4,2,0,492
510,1,3,454,1,26.0,0,0,620,56.4958,4,2,0,657
511,1,3,195,1,29.0,0,0,359,7.75,4,1,0,421
512,0,3,847,1,28.0,0,0,567,8.05,4,2,0,609
513,1,1,520,1,36.0,0,0,480,26.2875,4,2,0,530
514,1,1,704,0,54.0,1,0,506,59.4,1,0,0,554
515,0,3,168,1,24.0,0,0,207,7.4958,3,2,0,285
516,0,1,841,1,47.0,0,0,330,34.0208,3,2,0,396
517,1,2,471,0,34.0,0,0,459,10.5,5,2,0,511
518,0,3,708,1,30.0,0,0,347,24.15,4,1,0,410
519,1,2,35,0,36.0,1,0,24,26.0,2,2,0,12
520,0,3,640,1,32.0,0,0,239,7.8958,4,2,0,313
521,1,1,650,0,30.0,0,0,583,93.5,1,2,0,623
522,0,3,839,1,22.0,0,0,249,7.8958,4,2,0,322
523,0,3,447,1,27.0,0,0,661,7.225,1,0,0,82
524,1,1,364,0,44.0,0,1,609,57.9792,1,0,0,647
525,0,3,426,1,24.0,0,0,37,7.2292,2,0,0,131
526,0,3,244,1,40.5,0,0,318,7.75,4,1,0,385
527,1,2,688,0,50.0,0,0,598,10.5,3,2,0,637
528,0,1,245,1,31.0,0,0,487,221.7792,2,2,0,537
529,0,3,724,1,39.0,0,0,76,7.925,4,2,0,167
530,0,2,366,1,23.0,2,1,59,11.5,4,2,0,151
531,1,2,668,0,2.0,1,1,668,26.0,3,2,0,89
532,0,3,816,1,24.0,0,0,671,7.2292,2,0,0,91
533,0,3,236,1,17.0,1,1,28,7.2292,2,0,0,123
534,1,3,653,0,19.0,0,2,10,22.3583,4,0,0,107
535,0,3,123,0,30.0,0,0,88,8.6625,4,2,0,178
536,1,2,341,0,7.0,0,2,473,26.25,5,2,0,524
537,0,1,120,1,45.0,0,0,29,26.55,1,2,0,124
538,1,1,460,0,30.0,0,0,526,106.425,1,0,0,572
539,0,3,691,1,29.0,0,0,294,14.5,4,2,0,363
540,1,1,266,0,22.0,0,2,615,49.5,1,0,0,652
541,1,1,188,0,36.0,0,2,606,71.0,1,2,0,644
542,0,3,26,0,9.0,4,2,180,31.275,3,2,0,260
543,0,3,27,0,11.0,4,2,180,31.275,3,2,0,260
544,1,2,73,1,32.0,1,0,56,26.0,4,2,0,149
545,0,1,222,1,50.0,1,0,526,106.425,2,0,0,572
546,0,1,586,1,64.0,0,0,387,26.0,2,2,0,447
547,1,2,74,0,19.0,1,0,56,26.0,4,2,0,149
548,1,2,621,1,30.0,0,0,547,13.8625,3,0,0,591
549,0,3,294,1,33.0,1,1,291,20.525,4,2,0,360
550,1,2,203,1,8.0,1,1,456,36.75,3,2,0,509
551,1,1,802,1,17.0,0,2,625,110.8833,2,0,0,661
552,0,2,735,1,27.0,0,0,490,26.0,4,2,0,54
553,0,3,599,1,28.0,0,0,119,7.8292,4,1,0,205
554,1,3,462,1,22.0,0,0,659,7.225,1,0,0,80
555,1,3,608,0,22.0,0,0,182,7.775,4,2,0,262
556,0,1,872,1,62.0,0,0,398,26.55,2,2,0,457
557,1,1,228,0,48.0,1,0,460,39.6,0,0,0,512
558,0,1,692,1,32.0,0,0,520,227.525,1,0,0,567
559,1,1,798,0,39.0,1,1,1,79.65,4,2,0,1
560,1,3,883,0,36.0,1,0,138,17.4,4,2,0,222
561,0,3,557,1,36.0,0,0,350,7.75,4,1,0,413
562,0,3,750,1,40.0,0,0,248,7.8958,4,2,0,321
563,0,2,592,1,28.0,0,0,445,13.5,4,2,0,5
564,0,3,745,1,28.0,0,0,572,8.05,4,2,0,613
565,0,3,526,0,25.0,0,0,564,8.05,4,2,0,606
566,0,3,204,1,24.0,2,0,408,24.15,4,2,0,466
567,0,3,784,1,19.0,0,0,203,7.8958,4,2,0,281
568,0,3,626,0,29.0,0,4,255,21.075,4,2,0,328
569,0,3,217,1,24.0,0,0,25,7.2292,2,0,0,120
570,1,3,415,1,32.0,0,0,281,7.8542,4,2,0,351
571,1,2,336,1,62.0,0,0,538,10.5,4,2,0,583
572,1,1,36,0,53.0,2,0,496,51.4792,2,2,0,545
573,1,1,251,1,36.0,0,0,481,26.3875,4,2,0,531
574,1,3,431,0,26.0,0,0,617,7.75,4,1,0,654
575,0,3,707,1,16.0,0,0,409,8.05,4,2,0,467
576,0,3,638,1,19.0,0,0,286,14.5,4,2,0,356
577,1,2,277,0,34.0,0,0,434,13.0,4,2,0,49
578,1,1,744,0,39.0,1,0,611,55.9,4,2,0,649
579,0,3,135,0,20.0,1,0,27,14.4583,2,0,0,122
580,1,3,418,1,32.0,0,0,584,7.925,4,2,0,624
581,1,2,160,0,25.0,1,1,312,30.0,4,2,0,38
582,1,1,803,0,39.0,1,1,625,110.8833,2,0,0,661
583,0,2,224,1,54.0,0,0,48,26.0,3,2,0,141
584,0,1,702,1,36.0,0,0,595,40.125,0,0,0,634
585,0,3,639,1,23.0,0,0,128,8.7125,3,0,0,213
586,1,1,796,0,18.0,0,2,1,79.65,4,2,0,1
587,0,2,394,1,47.0,0,0,257,15.0,4,2,0,33
588,1,1,267,1,60.0,1,1,614,79.2,1,0,0,651
589,0,3,284,1,22.0,0,0,619,8.05,4,2,0,656
590,0,3,565,1,28.0,0,0,404,8.05,4,2,0,462
591,0,3,690,1,35.0,0,0,577,7.125,3,2,0,618
592,1,1,782,0,52.0,1,0,328,78.2667,3,0,0,394
593,0,3,238,1,47.0,0,0,425,7.25,3,2,0,481
594,0,3,100,0,26.0,0,2,304,7.75,4,1,0,372
595,0,2,154,1,37.0,1,0,540,26.0,4,2,0,585
596,0,3,828,1,36.0,1,1,148,24.15,4,2,0,231
597,1,2,469,0,25.0,0,0,579,33.0,3,2,0,62
598,0,3,408,1,49.0,0,0,476,0.0,3,2,0,527
599,0,3,98,1,27.0,0,0,6,7.225,2,0,0,103
600,1,1,229,1,49.0,1,0,488,56.9292,0,0,0,538
601,1,2,390,0,24.0,2,1,423,27.0,4,2,0,48
602,0,3,760,1,28.0,0,0,211,7.8958,4,2,0,289
603,0,1,335,1,39.0,0,0,324,42.4,2,2,0,390
604,0,3,814,1,44.0,0,0,298,8.05,4,2,0,367
605,1,1,374,1,35.0,0,0,633,26.55,2,0,0,669
606,0,3,482,1,36.0,1,0,256,15.55,4,2,0,329
607,0,3,423,1,30.0,0,0,243,7.8958,4,2,0,317
608,1,1,199,1,27.0,0,0,373,30.5,2,2,0,434
609,1,2,457,0,22.0,1,2,550,41.5792,2,0,0,594
610,1,1,740,0,40.0,0,0,493,153.4625,2,2,0,542
611,0,3,30,0,39.0,1,5,180,31.275,3,2,0,260
612,0,3,393,1,29.0,0,0,554,7.05,2,2,0,598
613,1,3,567,0,26.0,1,0,316,15.5,4,1,0,383
614,0,3,377,1,36.0,0,0,344,7.75,4,1,0,408
615,0,3,110,1,35.0,0,0,300,8.05,4,2,0,369
616,1,2,357,0,24.0,1,2,658,65.0,3,2,0,8
617,0,3,197,1,34.0,1,1,177,14.4,4,2,0,258
618,0,3,487,0,26.0,1,0,429,16.1,4,2,0,485
619,1,2,77,0,4.0,2,1,79,39.0,5,2,0,17
620,0,2,279,1,26.0,0,0,81,10.5,4,2,0,171
621,0,3,873,1,27.0,1,0,678,14.4542,2,0,0,98
622,1,1,438,1,42.0,1,0,448,52.5542,3,2,0,501
623,1,3,572,1,20.0,1,1,677,15.7417,2,0,0,97
624,0,3,327,1,21.0,0,0,261,7.8542,4,2,0,333
625,0,3,103,1,21.0,0,0,378,16.1,4,2,0,439
626,0,1,792,1,61.0,0,0,329,32.3208,3,2,0,395
627,0,2,441,1,57.0,0,0,556,12.35,3,1,0,6
628,1,1,489,0,21.0,0,0,610,77.9583,3,2,0,648
629,0,3,96,1,26.0,0,0,222,7.8958,4,2,0,299
630,0,3,601,1,29.0,0,0,121,7.7333,4,1,0,207
631,1,1,66,1,80.0,0,0,38,30.0,0,2,0,132
632,0,3,493,1,51.0,0,0,194,7.0542,3,2,0,273
633,1,1,776,1,32.0,0,0,608,30.5,1,0,0,646
634,0,1,634,1,40.0,0,0,279,0.0,1,2,0,35
635,0,3,756,0,9.0,3,2,184,27.9,4,2,0,264
636,1,2,206,0,28.0,0,0,268,13.0,4,2,0,34
637,0,3,468,1,32.0,0,0,587,7.925,4,2,0,627
638,0,2,173,1,31.0,1,1,454,26.25,4,2,0,507
639,0,3,632,0,41.0,0,5,75,39.6875,4,2,0,166
640,0,3,807,1,24.0,1,0,355,16.1,4,2,0,418
641,0,3,396,1,20.0,0,0,273,7.8542,4,2,0,344
642,1,1,722,0,24.0,0,0,485,69.3,1,0,0,535
643,0,3,757,0,2.0,3,2,184,27.9,4,2,0,264
644,1,3,252,1,29.0,0,0,620,56.4958,4,2,0,657
645,1,3,53,0,0.75,2,1,8,19.2583,2,0,0,105
646,1,1,332,1,48.0,1,0,492,76.7292,3,0,0,541
647,0,3,180,1,19.0,0,0,229,7.8958,4,2,0,304
648,1,1,746,1,56.0,0,0,607,35.5,0,0,0,645
649,0,3,863,1,29.0,0,0,532,7.55,3,2,0,578
650,1,3,779,0,23.0,0,0,467,7.55,3,2,0,519
651,0,3,543,1,28.0,0,0,219,7.8958,4,2,0,296
652,1,2,218,0,18.0,0,1,113,23.0,3,2,0,20
653,0,3,420,1,21.0,0,0,400,8.4333,4,2,0,459
654,1,3,605,0,23.0,0,0,109,7.8292,4,1,0,197
655,0,3,352,0,18.0,0,0,309,6.75,3,1,0,377
656,0,2,360,1,24.0,2,0,535,73.5,3,2,0,580
657,0,3,670,1,28.0,0,0,221,7.8958,4,2,0,298
658,0,3,102,0,32.0,1,1,305,15.5,4,1,0,373
659,0,2,232,1,23.0,0,0,66,13.0,3,2,0,158
660,0,1,583,1,58.0,0,2,282,113.275,3,0,0,352
661,1,1,264,1,50.0,2,0,515,133.65,1,2,0,562
662,0,3,57,1,40.0,0,0,660,7.225,1,0,0,81
663,0,1,171,1,47.0,0,0,380,25.5875,4,2,0,440
664,0,3,167,1,36.0,0,0,208,7.4958,3,2,0,286
665,1,3,483,1,20.0,1,0,582,7.925,4,2,0,622
666,0,2,361,1,32.0,2,0,535,73.5,3,2,0,580
667,0,2,119,1,25.0,0,0,190,13.0,4,2,0,27
668,0,3,698,1,28.0,0,0,84,7.775,4,2,0,174
669,0,3,179,1,43.0,0,0,420,8.05,5,2,0,477
670,1,1,800,0,38.0,1,0,643,52.0,2,2,0,678
671,1,2,114,0,40.0,1,1,64,39.0,4,2,0,156
672,0,1,202,1,31.0,1,0,470,52.0,1,2,0,521
673,0,2,542,1,70.0,0,0,447,10.5,4,2,0,500
674,1,2,862,1,31.0,0,0,457,13.0,4,2,0,51
675,0,2,844,1,35.0,0,0,368,0.0,3,2,0,43
676,0,3,231,1,18.0,0,0,258,7.775,3,2,0,330
677,0,3,729,1,24.5,0,0,131,8.05,4,2,0,216
678,1,3,822,0,18.0,0,0,376,9.8417,4,2,0,437
679,0,3,302,0,43.0,1,6,466,46.9,4,2,0,518
680,1,1,137,1,36.0,0,1,518,512.3292,1,0,0,565
681,0,3,654,0,25.0,0,0,116,8.1375,4,1,0,202
682,1,1,345,1,27.0,0,0,492,76.7292,3,0,0,541
683,0,3,614,1,20.0,0,0,384,9.225,4,2,0,444
684,0,3,301,1,14.0,5,2,466,46.9,3,2,0,518
685,0,2,112,1,60.0,1,1,64,39.0,4,2,0,156
686,0,2,456,1,25.0,1,2,550,41.5792,2,0,0,594
687,0,3,631,1,14.0,4,1,75,39.6875,3,2,0,166
688,0,3,194,1,19.0,0,0,228,10.1708,4,2,0,303
689,0,3,247,1,18.0,0,0,266,7.7958,4,2,0,338
690,1,1,497,0,15.0,0,1,412,211.3375,1,2,0,47
691,1,1,213,1,31.0,1,0,631,57.0,1,2,0,667
692,1,3,425,0,4.0,0,1,253,13.4167,4,0,0,326
693,1,3,451,1,29.0,0,0,620,56.4958,4,2,0,657
694,0,3,712,1,25.0,0,0,15,7.225,3,0,0,111
695,0,1,848,1,60.0,0,0,349,26.55,2,2,0,412
696,0,2,153,1,52.0,0,0,590,13.5,4,2,0,63
697,0,3,432,1,44.0,0,0,293,8.05,4,2,0,362
698,1,3,564,0,21.0,0,0,285,7.7333,4,1,0,355
699,0,1,801,1,49.0,1,1,625,110.8833,2,0,0,661
700,0,3,382,1,42.0,0,0,195,7.65,5,2,0,274
701,1,1,45,0,18.0,1,0,520,227.525,2,0,0,567
702,1,1,742,1,35.0,0,0,482,26.2875,4,2,0,532
703,0,3,63,0,18.0,0,1,30,14.4542,2,0,0,125
704,0,3,275,1,25.0,0,0,321,7.7417,4,1,0,388
705,0,3,326,1,26.0,1,0,259,7.8542,4,2,0,331
706,0,2,555,1,39.0,0,0,656,26.0,4,2,0,78
707,1,2,433,0,45.0,0,0,2,13.5,4,2,0,10
708,1,1,126,1,42.0,0,0,483,26.2875,4,2,0,533
709,1,1,163,0,22.0,0,0,213,151.55,2,2,0,290
710,1,3,560,1,22.0,1,1,679,15.2458,2,0,0,99
711,1,1,513,0,24.0,0,0,486,49.5042,2,0,0,536
712,0,1,442,1,45.0,0,0,4,26.55,2,2,0,101
713,1,1,799,1,48.0,1,0,643,52.0,2,2,0,678
714,0,3,458,1,29.0,0,0,393,9.4833,4,2,0,452
715,0,2,307,1,52.0,0,0,650,13.0,4,2,0,72
716,0,3,772,1,19.0,0,0,197,7.65,5,2,0,276
717,1,1,241,0,38.0,0,0,520,227.525,2,0,0,567
718,1,2,820,0,27.0,0,0,130,10.5,4,2,0,215
719,0,3,519,1,30.0,0,0,310,15.5,4,1,0,378
720,0,3,409,1,33.0,0,0,162,7.775,4,2,0,244
721,1,2,331,0,6.0,0,1,579,33.0,3,2,0,62
722,0,3,398,1,17.0,1,0,272,7.0542,3,2,0,343
723,0,2,286,1,34.0,0,0,559,13.0,4,2,0,601
724,0,2,368,1,50.0,0,0,646,13.0,4,2,0,69
725,1,1,151,1,27.0,1,0,386,53.1,4,2,0,446
726,0,3,616,1,20.0,0,0,96,8.6625,4,2,0,185
727,1,2,676,0,30.0,3,0,80,21.0,4,2,0,170
728,1,3,506,0,21.0,0,0,325,7.7375,4,1,0,391
729,0,2,115,1,25.0,1,0,235,26.0,4,2,0,31
730,0,3,386,0,25.0,1,0,591,7.925,4,2,0,630
731,1,1,14,0,29.0,0,0,412,211.3375,1,2,0,47
732,0,3,346,1,11.0,0,0,36,18.7875,3,0,0,130
733,0,2,444,1,35.0,0,0,357,0.0,3,2,0,42
734,0,2,84,1,23.0,0,0,50,13.0,4,2,0,143
735,0,2,818,1,23.0,0,0,135,13.0,4,2,0,22
736,0,3,867,1,28.5,0,0,378,16.1,4,2,0,439
737,0,3,256,0,48.0,1,3,602,34.375,3,2,0,640
738,1,1,475,1,35.0,0,0,518,512.3292,1,0,0,565
739,0,3,388,1,28.0,0,0,198,7.8958,4,2,0,277
740,0,3,573,1,28.0,0,0,217,7.8958,4,2,0,294
741,1,1,347,1,44.0,0,0,624,30.0,3,2,0,660
742,0,1,148,1,36.0,1,0,635,78.85,2,2,0,670
743,1,1,710,0,21.0,2,2,511,262.375,1,0,0,559
744,0,3,525,1,24.0,1,0,356,16.1,4,2,0,419
745,1,3,786,1,31.0,0,0,585,7.925,4,2,0,625
746,0,1,187,1,70.0,1,1,606,71.0,1,2,0,644
747,0,3,1,1,16.0,1,1,449,20.25,3,2,0,502
748,1,2,747,0,30.0,0,0,651,13.0,3,2,0,73
749,0,1,510,1,19.0,1,0,188,53.1,3,2,0,268
750,0,3,176,1,31.0,0,0,122,7.75,4,1,0,208
751,1,2,850,0,4.0,1,1,58,23.0,4,2,0,150
752,1,3,548,1,6.0,0,1,367,12.475,4,2,0,429
753,0,3,831,1,33.0,0,0,154,9.5,4,2,0,237
754,0,3,414,1,23.0,0,0,202,7.8958,4,2,0,280
755,1,2,358,0,48.0,1,2,658,65.0,2,2,0,8
756,1,2,321,1,0.67,1,1,652,14.5,3,2,0,74
757,0,3,138,1,28.0,0,0,267,7.7958,4,2,0,339
758,0,2,58,1,18.0,0,0,62,11.5,3,2,0,154
759,0,3,804,1,34.0,0,0,292,8.05,4,2,0,361
760,1,1,703,0,33.0,0,0,0,86.5,1,2,0,0
761,0,3,276,1,29.0,0,0,286,14.5,4,2,0,356
762,0,3,590,1,41.0,0,0,565,7.125,3,2,0,607
763,1,3,62,1,20.0,0,0,5,7.2292,1,0,0,102
764,1,1,146,0,36.0,1,2,164,120.0,1,2,0,246
765,0,3,233,1,16.0,0,0,172,7.775,3,2,0,253
766,1,1,369,0,51.0,1,0,610,77.9583,3,2,0,648
767,0,1,109,1,39.0,0,0,670,39.6,0,0,0,90
768,0,3,505,0,30.5,0,0,306,7.75,4,1,0,374
769,0,3,552,1,29.0,1,0,347,24.15,4,1,0,410
770,0,3,309,1,32.0,0,0,399,8.3625,4,2,0,458
771,0,3,479,1,24.0,0,0,155,9.5,4,2,0,238
772,0,3,397,1,48.0,0,0,271,7.8542,4,2,0,342
773,0,2,495,0,57.0,0,0,531,10.5,4,2,0,577
774,0,3,235,1,27.0,0,0,18,7.225,2,0,0,114
775,1,2,367,0,54.0,1,3,60,23.0,4,2,0,152
776,0,3,568,1,18.0,0,0,175,7.75,4,2,0,256
777,0,3,810,1,36.0,0,0,362,7.75,5,1,0,424
778,1,3,239,0,5.0,0,0,302,12.475,4,2,0,370
779,0,3,437,1,29.0,0,0,322,7.7375,4,1,0,389
780,1,1,693,0,43.0,0,1,412,211.3375,1,2,0,47
781,1,3,50,0,13.0,0,0,26,7.2292,1,0,0,121
782,1,1,214,0,17.0,1,0,631,57.0,1,2,0,667
783,0,1,488,1,29.0,0,0,89,30.0,3,2,0,179
784,0,3,413,1,25.0,1,2,600,23.45,4,2,0,639
785,0,3,13,1,25.0,0,0,562,7.05,2,2,0,604
786,0,3,330,1,25.0,0,0,353,7.25,3,2,0,416
787,1,3,752,0,18.0,0,0,69,7.4958,3,2,0,160
788,0,3,682,1,8.0,4,1,360,29.125,4,1,0,422
789,1,3,208,1,1.0,1,2,443,20.575,3,2,0,498
790,0,1,310,1,46.0,0,0,498,79.2,1,0,0,547
791,0,3,428,1,36.0,0,0,571,7.75,3,1,0,612
792,0,2,278,1,16.0,0,0,379,26.0,4,2,0,44
793,0,3,718,0,16.0,8,2,469,69.55,4,2,0,520
794,0,1,380,1,44.0,0,0,504,30.6958,1,0,0,552
795,0,3,201,1,25.0,0,0,199,7.8958,4,2,0,278
796,0,2,620,1,39.0,0,0,44,13.0,4,2,0,138
797,1,1,461,0,49.0,0,0,629,25.9292,3,2,0,665
798,1,3,618,0,31.0,0,0,241,8.6833,4,2,0,315
799,0,3,384,1,30.0,0,0,23,7.2292,2,0,0,119
800,0,3,829,0,30.0,1,1,148,24.15,4,2,0,231
801,0,2,665,1,34.0,0,0,650,13.0,4,2,0,72
802,1,2,174,0,31.0,1,1,454,26.25,4,2,0,507
803,1,1,142,1,11.0,1,2,164,120.0,1,2,0,246
804,1,3,805,1,0.42,0,1,662,8.5167,3,0,0,83
805,1,3,351,1,27.0,0,0,185,6.975,3,2,0,265
806,0,3,405,1,31.0,0,0,163,7.775,4,2,0,245
807,0,1,34,1,39.0,0,0,157,0.0,0,2,0,24
808,0,3,659,0,18.0,0,0,183,7.775,4,2,0,263
809,0,2,533,1,39.0,0,0,568,13.0,4,2,0,61
810,1,1,152,0,33.0,1,0,386,53.1,4,2,0,446
811,0,3,10,1,26.0,0,0,186,7.8875,3,2,0,266
812,0,3,474,1,39.0,0,0,408,24.15,4,2,0,466
813,0,2,762,1,35.0,0,0,43,10.5,3,2,0,137
814,0,3,23,0,6.0,4,2,180,31.275,3,2,0,260
815,0,3,812,1,30.5,0,0,295,8.05,4,2,0,364
816,0,1,269,1,40.0,0,0,523,0.0,1,2,0,57
817,0,3,354,0,23.0,0,0,596,7.925,4,2,0,635
818,0,2,503,1,31.0,1,1,530,37.0042,3,0,0,576
819,0,3,371,1,43.0,0,0,438,6.45,3,2,0,493
820,0,3,755,1,10.0,3,2,184,27.9,3,2,0,264
821,1,1,349,0,52.0,1,1,583,93.5,1,2,0,623
822,1,3,492,1,27.0,0,0,99,8.6625,4,2,0,188
823,0,1,677,1,38.0,0,0,641,0.0,0,2,0,676
824,1,3,549,0,27.0,0,1,367,12.475,4,2,0,429
825,0,3,629,1,2.0,4,1,75,39.6875,3,2,0,166
826,0,3,250,1,28.0,0,0,320,6.95,3,1,0,387
827,0,3,452,1,29.0,0,0,620,56.4958,4,2,0,657
828,1,2,502,1,1.0,0,2,530,37.0042,3,0,0,576
829,1,3,515,1,36.0,0,0,314,7.75,4,1,0,381
831,1,3,874,0,15.0,1,0,678,14.4542,3,0,0,98
832,1,2,685,1,0.83,1,1,61,18.75,4,2,0,153
833,0,3,711,1,24.0,0,0,14,7.2292,3,0,0,110
834,0,3,49,1,23.0,0,0,191,7.8542,3,2,0,270
835,0,3,19,1,18.0,0,0,669,8.3,3,2,0,9
836,1,1,175,0,39.0,1,1,519,83.1583,4,0,0,566
837,0,3,637,1,21.0,0,0,98,8.6625,4,2,0,187
838,0,3,749,1,28.0,0,0,366,8.05,4,2,0,428
839,1,3,158,1,32.0,0,0,620,56.4958,4,2,0,657
840,1,1,507,1,44.0,0,0,521,29.7,2,0,0,568
841,0,3,11,1,20.0,0,0,566,7.925,4,2,0,608
842,0,2,563,1,16.0,0,0,531,10.5,4,2,0,577
843,1,1,733,0,30.0,0,0,337,31.0,2,0,0,401
844,0,3,470,1,34.5,0,0,22,6.4375,3,0,0,118
845,0,3,189,1,17.0,0,0,94,8.6625,4,2,0,183
846,0,3,0,1,42.0,0,0,463,7.55,2,2,0,515
847,0,3,719,1,15.0,8,2,469,69.55,4,2,0,520
848,0,3,508,1,35.0,0,0,210,7.8958,4,0,0,288
849,0,2,334,1,28.0,0,1,579,33.0,3,2,0,62
850,1,1,291,0,35.0,1,0,626,89.1042,2,0,0,662
851,0,3,22,1,4.0,4,2,180,31.275,3,2,0,260
852,0,3,793,1,74.0,0,0,160,7.775,4,2,0,242
853,0,3,97,0,9.0,1,1,20,15.2458,3,0,0,116
854,1,1,484,0,16.0,0,1,497,39.4,3,2,0,546
855,0,2,145,0,44.0,1,0,446,26.0,5,2,0,50
856,1,3,8,0,18.0,0,1,365,9.35,4,2,0,427
857,1,1,858,0,45.0,1,1,327,164.8667,2,2,0,393
858,1,1,196,1,51.0,0,0,53,26.55,4,2,0,146
859,1,3,56,0,24.0,0,3,8,19.2583,2,0,0,105
860,0,3,671,1,24.0,0,0,666,7.2292,1,0,0,87
861,0,3,325,1,41.0,2,0,260,14.1083,4,2,0,332
862,0,2,283,1,21.0,1,0,42,11.5,4,2,0,136
863,1,1,795,0,48.0,0,0,630,25.9292,3,2,0,666
864,0,3,717,0,16.0,8,2,469,69.55,4,2,0,520
865,0,2,285,1,24.0,0,0,146,13.0,4,2,0,23
866,1,2,122,0,42.0,0,0,224,13.0,5,2,0,30
867,1,2,230,0,27.0,1,0,548,13.8583,2,0,0,592
868,0,1,695,1,31.0,0,0,495,50.4958,0,2,0,544
869,0,3,888,1,28.0,0,0,150,9.5,3,2,0,233
870,1,3,406,1,4.0,1,1,193,11.1333,4,2,0,272
871,0,3,59,1,26.0,0,0,245,7.8958,3,2,0,319
872,1,1,79,0,47.0,1,1,422,52.5542,3,2,0,479
873,0,1,139,1,33.0,0,0,388,5.0,1,2,0,448
874,0,3,834,1,47.0,0,0,143,9.0,3,2,0,227
875,1,2,4,0,28.0,1,0,477,24.0,3,0,0,528
876,1,3,570,0,15.0,0,0,9,7.225,2,0,0,106
877,0,3,311,1,20.0,0,0,391,9.8458,3,2,0,450
878,0,3,656,1,19.0,0,0,209,7.8958,3,2,0,287
879,0,3,450,1,28.0,0,0,216,7.8958,3,2,0,293
880,1,1,667,0,56.0,0,1,484,83.1583,2,0,0,534
881,1,2,738,0,25.0,0,1,90,26.0,4,2,0,18
882,0,3,509,1,33.0,0,0,254,7.8958,4,2,0,327
883,0,3,193,0,22.0,0,0,395,10.5167,3,2,0,454
884,0,2,61,1,28.0,0,0,465,10.5,3,2,0,517
885,0,3,791,1,25.0,0,0,570,7.05,2,2,0,611
886,0,3,683,0,39.0,0,5,360,29.125,4,1,0,422
887,0,2,547,1,27.0,0,0,223,13.0,3,2,0,3
888,1,1,303,0,19.0,0,0,401,30.0,1,2,0,46
889,0,3,412,0,25.0,1,2,600,23.45,3,2,0,639
890,1,1,81,1,26.0,0,0,621,30.0,2,0,0,658
891,0,3,220,1,32.0,0,0,343,7.75,3,1,0,407
